{
  "testExecutionId": "d85a5fba-b59b-4e7d-bb41-e224c83b0ee7",
  "testOwner": "opensearch-devops",
  "testDescription": "",
  "anomalous": "No",
  "testResults": {
    "testStartTime": 1661420165000,
    "testEndTime": 1661446542391,
    "testDuration": 26377391,
    "operationsSummary": {
      "index": {
        "opCount": 46516,
        "opErrorCount": 0,
        "opErrorRate": 0,
        "requestsPerSecond": {
          "p0": 36169.78515625,
          "p50": 37951.423882612566,
          "p100": 43079.54296875
        },
        "latencyMillis": {
          "p50": 2048.343061583761,
          "p90": 2704.713192465339,
          "p99": 5250.450216421464,
          "p100": 8821.6220703125
        }
      },
      "query": {
        "opCount": 1510,
        "opErrorCount": 0,
        "opErrorRate": 0,
        "requestsPerSecond": {
          "p0": 1.732002818584442,
          "p50": 1.7433810253938042,
          "p100": 1.7572203159332276
        },
        "latencyMillis": {
          "p50": 256.6184208830197,
          "p90": 278.94227645874025,
          "p99": 287.80576367187507,
          "p100": 297.9990692138672
        }
      }
    },
    "operations": {
      "default": {
        "opCount": 302,
        "opErrorCount": 0,
        "opErrorRate": 0,
        "requestsPerSecond": {
          "p0": 3.0193073749542236,
          "p50": 3.029249906539917,
          "p100": 3.057374954223633
        },
        "latencyMillis": {
          "p50": 3.367628514766693,
          "p90": 46.25618476867675,
          "p99": 46.84706970214844,
          "p100": 64.50341796875
        }
      },
      "distance_amount_agg": {
        "opCount": 302,
        "opErrorCount": 0,
        "opErrorRate": 0,
        "requestsPerSecond": {
          "p0": 2.012752056121826,
          "p50": 2.019758462905884,
          "p100": 2.0395514965057373
        },
        "latencyMillis": {
          "p50": 2.1926130056381226,
          "p90": 44.439094924926756,
          "p99": 45.81819152832031,
          "p100": 46.06230163574219
        }
      },
      "index": {
        "opCount": 46516,
        "opErrorCount": 0,
        "opErrorRate": 0,
        "requestsPerSecond": {
          "p0": 36169.78515625,
          "p50": 37951.423882612566,
          "p100": 43079.54296875
        },
        "latencyMillis": {
          "p50": 2048.343061583761,
          "p90": 2704.713192465339,
          "p99": 5250.450216421464,
          "p100": 8821.6220703125
        }
      },
      "range": {
        "opCount": 302,
        "opErrorCount": 0,
        "opErrorRate": 0,
        "requestsPerSecond": {
          "p0": 0.7019404768943787,
          "p50": 0.7034794191519419,
          "p100": 0.7074207067489624
        },
        "latencyMillis": {
          "p50": 243.71587371826172,
          "p90": 247.22655181884767,
          "p99": 258.95220214843755,
          "p100": 263.83721923828125
        }
      },
      "wait-until-merges-finish": {
        "opCount": 5,
        "opErrorCount": 0,
        "opErrorRate": 0,
        "requestsPerSecond": {
          "p0": 0.003238166682422161,
          "p50": 0.006578340660780668,
          "p100": 162.1551055908203
        },
        "latencyMillis": {
          "p50": 152013.546875,
          "p90": 308816.40625,
          "p99": 308816.40625,
          "p100": 308816.40625
        }
      },
      "autohisto_agg": {
        "opCount": 302,
        "opErrorCount": 0,
        "opErrorRate": 0,
        "requestsPerSecond": {
          "p0": 1.4239213466644287,
          "p50": 1.4609209895133972,
          "p100": 1.4743940830230713
        },
        "latencyMillis": {
          "p50": 521.7449137369791,
          "p90": 534.4924682617187,
          "p99": 557.9158325195315,
          "p100": 582.2205810546875
        }
      },
      "date_histogram_agg": {
        "opCount": 302,
        "opErrorCount": 0,
        "opErrorRate": 0,
        "requestsPerSecond": {
          "p0": 1.5020928382873535,
          "p50": 1.5034963488578796,
          "p100": 1.5073603391647339
        },
        "latencyMillis": {
          "p50": 512.0710754394531,
          "p90": 522.2970825195313,
          "p99": 529.4955224609375,
          "p100": 533.371826171875
        }
      }
    },
    "cpuStats": {
      "overall": {
        "p50": 97,
        "p90": 98,
        "p99": 98,
        "p100": 98
      }
    },
    "memoryStats": {
      "overall": {
        "p50": 48,
        "p90": 63,
        "p99": 82.11000000000001,
        "p100": 91
      }
    },
    "garbageCollection": {
      "overall": {
        "oldGCTimeMillis": 0,
        "youngGCTimeMillis": 1037926
      }
    },
    "customTelemetryData": {
      "overall": []
    }
  },
  "processMemoryProfilerResults": null,
  "systemUnderTest": {
    "dataNodeCount": 1,
    "masterNodeCount": 0,
    "dataNodeInstanceType": "m5.xlarge",
    "masterNodeInstanceType": null,
    "elasticsearchDistributionType": "OpenSearch 2.2",
    "clusterIdentity": {
      "clusterName": "test-single-5905-x64-440",
      "awsAccount": null,
      "endpoint": "172.31.60.253:80",
      "region": "eu-west-1"
    },
    "aes": null
  },
  "workloadConfig": {
    "dataset": "nyc_taxis",
    "warmupIterations": 2,
    "testIterations": 3,
    "loadGenerationHostType": null,
    "loadGenerationHostCount": 0
  },
  "architecture": "x64",
  "version": "2.2.0"
}