{
  "testExecutionId": "69c6e6af-6477-4d78-8a8a-fac78baaa290",
  "testOwner": "opensearch-devops",
  "testDescription": "",
  "anomalous": "No",
  "testResults": {
    "testStartTime": 1661363475000,
    "testEndTime": 1661387088991,
    "testDuration": 23613991,
    "operationsSummary": {
      "index": {
        "opCount": 46094,
        "opErrorCount": 0,
        "opErrorRate": 0,
        "requestsPerSecond": {
          "p0": 41358.97265625,
          "p50": 42469.74462433998,
          "p100": 49038.640625
        },
        "latencyMillis": {
          "p50": 1784.9593878780936,
          "p90": 2404.5942627004265,
          "p99": 4038.9998955535866,
          "p100": 6646.060546875
        }
      },
      "query": {
        "opCount": 1510,
        "opErrorCount": 0,
        "opErrorRate": 0,
        "requestsPerSecond": {
          "p0": 1.6997039675712586,
          "p50": 1.7256807863712311,
          "p100": 1.754747700691223
        },
        "latencyMillis": {
          "p50": 472.57961196899413,
          "p90": 496.16412033081053,
          "p99": 502.47033694458,
          "p100": 505.8332801818848
        }
      }
    },
    "operations": {
      "default": {
        "opCount": 302,
        "opErrorCount": 0,
        "opErrorRate": 0,
        "requestsPerSecond": {
          "p0": 3.0165421962738037,
          "p50": 3.027667760848999,
          "p100": 3.057133197784424
        },
        "latencyMillis": {
          "p50": 48.2643928527832,
          "p90": 50.493326568603514,
          "p99": 55.76109146118169,
          "p100": 61.53166580200195
        }
      },
      "distance_amount_agg": {
        "opCount": 302,
        "opErrorCount": 0,
        "opErrorRate": 0,
        "requestsPerSecond": {
          "p0": 2.0128231048583984,
          "p50": 2.019755482673645,
          "p100": 2.0394952297210693
        },
        "latencyMillis": {
          "p50": 48.208160400390625,
          "p90": 52.16428070068359,
          "p99": 52.42395263671875,
          "p100": 58.262908935546875
        }
      },
      "index": {
        "opCount": 46094,
        "opErrorCount": 0,
        "opErrorRate": 0,
        "requestsPerSecond": {
          "p0": 41358.97265625,
          "p50": 42469.74462433998,
          "p100": 49038.640625
        },
        "latencyMillis": {
          "p50": 1784.9593878780936,
          "p90": 2404.5942627004265,
          "p99": 4038.9998955535866,
          "p100": 6646.060546875
        }
      },
      "range": {
        "opCount": 302,
        "opErrorCount": 0,
        "opErrorRate": 0,
        "requestsPerSecond": {
          "p0": 0.7011509537696838,
          "p50": 0.7019051015377045,
          "p100": 0.7040529251098633
        },
        "latencyMillis": {
          "p50": 942.6285400390625,
          "p90": 1012.8057556152344,
          "p99": 1023.690458984375,
          "p100": 1025.1727294921875
        }
      },
      "wait-until-merges-finish": {
        "opCount": 5,
        "opErrorCount": 0,
        "opErrorRate": 0,
        "requestsPerSecond": {
          "p0": 0.004705761093646288,
          "p50": 0.005892369896173477,
          "p100": 0.060058917850255966
        },
        "latencyMillis": {
          "p50": 169710.671875,
          "p90": 212505.15625,
          "p99": 212505.15625,
          "p100": 212505.15625
        }
      },
      "autohisto_agg": {
        "opCount": 302,
        "opErrorCount": 0,
        "opErrorRate": 0,
        "requestsPerSecond": {
          "p0": 1.268466830253601,
          "p50": 1.3788865208625793,
          "p100": 1.4724185466766357
        },
        "latencyMillis": {
          "p50": 668.8622741699219,
          "p90": 688.5561340332031,
          "p99": 696.47515625,
          "p100": 698.7423095703125
        }
      },
      "date_histogram_agg": {
        "opCount": 302,
        "opErrorCount": 0,
        "opErrorRate": 0,
        "requestsPerSecond": {
          "p0": 1.4995367527008057,
          "p50": 1.5001890659332275,
          "p100": 1.5006386041641235
        },
        "latencyMillis": {
          "p50": 654.9346923828125,
          "p90": 676.8011047363282,
          "p99": 684.001025390625,
          "p100": 685.456787109375
        }
      }
    },
    "cpuStats": {
      "overall": {
        "p50": 95,
        "p90": 96,
        "p99": 96,
        "p100": 97
      }
    },
    "memoryStats": {
      "overall": {
        "p50": 47,
        "p90": 60,
        "p99": 66.57999999999998,
        "p100": 75
      }
    },
    "garbageCollection": {
      "overall": {
        "oldGCTimeMillis": 0,
        "youngGCTimeMillis": 1152333
      }
    },
    "customTelemetryData": {
      "overall": []
    }
  },
  "processMemoryProfilerResults": null,
  "systemUnderTest": {
    "dataNodeCount": 1,
    "masterNodeCount": 0,
    "dataNodeInstanceType": "m6g.xlarge",
    "masterNodeInstanceType": null,
    "elasticsearchDistributionType": "OpenSearch 1.3",
    "clusterIdentity": {
      "clusterName": "test-single-5807-arm64-437",
      "awsAccount": null,
      "endpoint": "172.31.59.71:80",
      "region": "eu-west-1"
    },
    "aes": null
  },
  "workloadConfig": {
    "dataset": "nyc_taxis",
    "warmupIterations": 2,
    "testIterations": 3,
    "loadGenerationHostType": null,
    "loadGenerationHostCount": 0
  },
  "architecture": "arm64",
  "version": "1.3.4"
}