{"testExecutionId": "a2c9bcdb-3a81-4992-aaa7-08b5ec8a385d", "testOwner": "opensearch-devops", "testDescription": "", "anomalous": "No", "testResults": {"testStartTime": 1661333786000, "testEndTime": 1661361904926, "testDuration": 28118926, "operationsSummary": {"index": {"opCount": 46692, "opErrorCount": 0, "opErrorRate": 0.0, "requestsPerSecond": {"p0": 33809.84375, "p50": 35493.443394081434, "p100": 40903.30859375}, "latencyMillis": {"p50": 2159.248336214475, "p90": 2866.912328523799, "p99": 5472.157622946717, "p100": 9524.9365234375}}, "query": {"opCount": 1510, "opErrorCount": 0, "opErrorRate": 0.0, "requestsPerSecond": {"p0": 1.7282692551612855, "p50": 1.741408598423004, "p100": 1.7554189801216125}, "latencyMillis": {"p50": 285.93330879211425, "p90": 297.89081939697263, "p99": 307.8487145080567, "p100": 321.0285278320313}}}, "operations": {"default": {"opCount": 302, "opErrorCount": 0, "opErrorRate": 0.0, "requestsPerSecond": {"p0": 3.0192298889160156, "p50": 3.029165744781494, "p100": 3.057164430618286}, "latencyMillis": {"p50": 46.17359733581543, "p90": 47.25245742797851, "p99": 48.654207000732434, "p100": 78.0829086303711}}, "distance_amount_agg": {"opCount": 302, "opErrorCount": 0, "opErrorRate": 0.0, "requestsPerSecond": {"p0": 2.0127851963043213, "p50": 2.019775867462158, "p100": 2.039533853530884}, "latencyMillis": {"p50": 44.06695429484049, "p90": 46.09532241821289, "p99": 46.19682891845703, "p100": 46.410377502441406}}, "index": {"opCount": 46692, "opErrorCount": 0, "opErrorRate": 0.0, "requestsPerSecond": {"p0": 33809.84375, "p50": 35493.443394081434, "p100": 40903.30859375}, "latencyMillis": {"p50": 2159.248336214475, "p90": 2866.912328523799, "p99": 5472.157622946717, "p100": 9524.9365234375}}, "range": {"opCount": 302, "opErrorCount": 0, "opErrorRate": 0.0, "requestsPerSecond": {"p0": 0.70181804895401, "p50": 0.7031261324882507, "p100": 0.7067617774009705}, "latencyMillis": {"p50": 234.12857818603516, "p90": 252.38092651367188, "p99": 260.4960083007813, "p100": 265.2247314453125}}, "wait-until-merges-finish": {"opCount": 5, "opErrorCount": 0, "opErrorRate": 0.0, "requestsPerSecond": {"p0": 0.003122263355180621, "p50": 0.004394481889903545, "p100": 0.05084645003080368}, "latencyMillis": {"p50": 227557.78125, "p90": 320280.15625, "p99": 320280.15625, "p100": 320280.15625}}, "autohisto_agg": {"opCount": 302, "opErrorCount": 0, "opErrorRate": 0.0, "requestsPerSecond": {"p0": 1.405809760093689, "p50": 1.452292799949646, "p100": 1.4681649208068848}, "latencyMillis": {"p50": 562.0490112304688, "p90": 586.4874084472656, "p99": 607.510390625, "p100": 618.9439086914062}}, "date_histogram_agg": {"opCount": 302, "opErrorCount": 0, "opErrorRate": 0.0, "requestsPerSecond": {"p0": 1.5017033815383911, "p50": 1.5026824474334717, "p100": 1.5054699182510376}, "latencyMillis": {"p50": 543.2484029134115, "p90": 557.2379821777344, "p99": 576.3861376953125, "p100": 596.480712890625}}}, "cpuStats": {"overall": {"p50": 97.0, "p90": 97.0, "p99": 98.0, "p100": 98.0}}, "memoryStats": {"overall": {"p50": 49.0, "p90": 64.0, "p99": 85.82999999999998, "p100": 92.0}}, "garbageCollection": {"overall": {"oldGCTimeMillis": 0, "youngGCTimeMillis": 1041436}}, "customTelemetryData": {"overall": []}}, "processMemoryProfilerResults": null, "systemUnderTest": {"dataNodeCount": 1, "masterNodeCount": 0, "dataNodeInstanceType": "m5.xlarge", "masterNodeInstanceType": null, "elasticsearchDistributionType": "OpenSearch 2.2", "clusterIdentity": {"clusterName": "test-single-5905-x64-434", "awsAccount": null, "endpoint": "172.31.54.195:80", "region": "eu-west-1"}, "aes": null}, "workloadConfig": {"dataset": "nyc_taxis", "warmupIterations": 2, "testIterations": 3, "loadGenerationHostType": null, "loadGenerationHostCount": 0}}