{
  "testExecutionId": "03643d98-ddff-4ecc-8dfa-b60d2ddc06ea",
  "testOwner": "opensearch-devops",
  "testDescription": "",
  "anomalous": "No",
  "testResults": {
    "testStartTime": 1661363475000,
    "testEndTime": 1661390153462,
    "testDuration": 26678462,
    "operationsSummary": {
      "index": {
        "opCount": 46634,
        "opErrorCount": 0,
        "opErrorRate": 0,
        "requestsPerSecond": {
          "p0": 36054.03125,
          "p50": 37167.64944891945,
          "p100": 41571.34375
        },
        "latencyMillis": {
          "p50": 2038.7794083450779,
          "p90": 2760.4628139756505,
          "p99": 4627.376404622391,
          "p100": 7151.38720703125
        }
      },
      "query": {
        "opCount": 1510,
        "opErrorCount": 0,
        "opErrorRate": 0,
        "requestsPerSecond": {
          "p0": 1.7043001770973205,
          "p50": 1.728997713327408,
          "p100": 1.750240159034729
        },
        "latencyMillis": {
          "p50": 467.6782928466797,
          "p90": 486.05830268859864,
          "p99": 495.3574294433594,
          "p100": 501.76513748168946
        }
      }
    },
    "operations": {
      "default": {
        "opCount": 302,
        "opErrorCount": 0,
        "opErrorRate": 0,
        "requestsPerSecond": {
          "p0": 3.0154879093170166,
          "p50": 3.0239291191101074,
          "p100": 3.0471322536468506
        },
        "latencyMillis": {
          "p50": 51.23059272766113,
          "p90": 53.39317169189454,
          "p99": 53.64214431762696,
          "p100": 53.83147048950195
        }
      },
      "distance_amount_agg": {
        "opCount": 302,
        "opErrorCount": 0,
        "opErrorRate": 0,
        "requestsPerSecond": {
          "p0": 2.0111634731292725,
          "p50": 2.017097592353821,
          "p100": 2.0344414710998535
        },
        "latencyMillis": {
          "p50": 44.23425102233887,
          "p90": 52.15209541320801,
          "p99": 52.42861129760742,
          "p100": 62.40553283691406
        }
      },
      "index": {
        "opCount": 46634,
        "opErrorCount": 0,
        "opErrorRate": 0,
        "requestsPerSecond": {
          "p0": 36054.03125,
          "p50": 37167.64944891945,
          "p100": 41571.34375
        },
        "latencyMillis": {
          "p50": 2038.7794083450779,
          "p90": 2760.4628139756505,
          "p99": 4627.376404622391,
          "p100": 7151.38720703125
        }
      },
      "range": {
        "opCount": 302,
        "opErrorCount": 0,
        "opErrorRate": 0,
        "requestsPerSecond": {
          "p0": 0.7011010050773621,
          "p50": 0.7017141878604889,
          "p100": 0.7035062313079834
        },
        "latencyMillis": {
          "p50": 922.2348937988281,
          "p90": 978.738671875,
          "p99": 986.7826806640626,
          "p100": 996.7889404296875
        }
      },
      "wait-until-merges-finish": {
        "opCount": 5,
        "opErrorCount": 0,
        "opErrorRate": 0,
        "requestsPerSecond": {
          "p0": 0.004390590358525515,
          "p50": 0.00624271621927619,
          "p100": 0.006470372434705496
        },
        "latencyMillis": {
          "p50": 160186.328125,
          "p90": 227759.4375,
          "p99": 227759.4375,
          "p100": 227759.4375
        }
      },
      "date_histogram_agg": {
        "opCount": 302,
        "opErrorCount": 0,
        "opErrorRate": 0,
        "requestsPerSecond": {
          "p0": 1.447782039642334,
          "p50": 1.4576138257980347,
          "p100": 1.4987051486968994
        },
        "latencyMillis": {
          "p50": 680.6739196777344,
          "p90": 698.9992004394534,
          "p99": 719.178037109375,
          "p100": 728.6175537109375
        }
      },
      "autohisto_agg": {
        "opCount": 302,
        "opErrorCount": 0,
        "opErrorRate": 0,
        "requestsPerSecond": {
          "p0": 1.3459664583206177,
          "p50": 1.4446338415145874,
          "p100": 1.467415690422058
        },
        "latencyMillis": {
          "p50": 640.0178070068359,
          "p90": 647.0083740234375,
          "p99": 664.755673828125,
          "p100": 667.1821899414062
        }
      }
    },
    "cpuStats": {
      "overall": {
        "p50": 95,
        "p90": 96,
        "p99": 96,
        "p100": 96
      }
    },
    "memoryStats": {
      "overall": {
        "p50": 49,
        "p90": 63,
        "p99": 74.24000000000001,
        "p100": 82
      }
    },
    "garbageCollection": {
      "overall": {
        "oldGCTimeMillis": 0,
        "youngGCTimeMillis": 1323478
      }
    },
    "customTelemetryData": {
      "overall": []
    }
  },
  "processMemoryProfilerResults": null,
  "systemUnderTest": {
    "dataNodeCount": 1,
    "masterNodeCount": 0,
    "dataNodeInstanceType": "m6g.xlarge",
    "masterNodeInstanceType": null,
    "elasticsearchDistributionType": "OpenSearch 1.3",
    "clusterIdentity": {
      "clusterName": "test-single-security-5807-arm64-437",
      "awsAccount": null,
      "endpoint": "172.31.50.218:443",
      "region": "eu-west-1"
    },
    "aes": null
  },
  "workloadConfig": {
    "dataset": "nyc_taxis",
    "warmupIterations": 2,
    "testIterations": 3,
    "loadGenerationHostType": null,
    "loadGenerationHostCount": 0
  },
  "architecture": "arm64",
  "version": "1.3.4"
}