{
  "testExecutionId": "da4294b7-adae-4c4d-bba6-ed1df74f715e",
  "testOwner": "opensearch-devops",
  "testDescription": "",
  "anomalous": "No",
  "testResults": {
    "testStartTime": 1661392859000,
    "testEndTime": 1661416655336,
    "testDuration": 23796336,
    "operationsSummary": {
      "index": {
        "opCount": 46109,
        "opErrorCount": 0,
        "opErrorRate": 0,
        "requestsPerSecond": {
          "p0": 41593.62890625,
          "p50": 42999.3457574861,
          "p100": 48989.390625
        },
        "latencyMillis": {
          "p50": 1779.5706194160935,
          "p90": 2416.7829808446545,
          "p99": 3886.490074913385,
          "p100": 6687.021484375
        }
      },
      "query": {
        "opCount": 1510,
        "opErrorCount": 0,
        "opErrorRate": 0,
        "requestsPerSecond": {
          "p0": 1.6957524180412293,
          "p50": 1.7207191348075868,
          "p100": 1.7539471626281737
        },
        "latencyMillis": {
          "p50": 477.47397804260254,
          "p90": 504.48516754150387,
          "p99": 513.548110534668,
          "p100": 523.7378395080566
        }
      }
    },
    "operations": {
      "default": {
        "opCount": 302,
        "opErrorCount": 0,
        "opErrorRate": 0,
        "requestsPerSecond": {
          "p0": 3.0165016651153564,
          "p50": 3.0294241905212402,
          "p100": 3.0572264194488525
        },
        "latencyMillis": {
          "p50": 48.37733268737793,
          "p90": 51.40301589965821,
          "p99": 66.97711837768577,
          "p100": 81.8685073852539
        }
      },
      "distance_amount_agg": {
        "opCount": 302,
        "opErrorCount": 0,
        "opErrorRate": 0,
        "requestsPerSecond": {
          "p0": 2.0128142833709717,
          "p50": 2.019771695137024,
          "p100": 2.0395667552948
        },
        "latencyMillis": {
          "p50": 51.11502456665039,
          "p90": 52.09719314575195,
          "p99": 52.2410124206543,
          "p100": 52.2652702331543
        }
      },
      "index": {
        "opCount": 46109,
        "opErrorCount": 0,
        "opErrorRate": 0,
        "requestsPerSecond": {
          "p0": 41593.62890625,
          "p50": 42999.3457574861,
          "p100": 48989.390625
        },
        "latencyMillis": {
          "p50": 1779.5706194160935,
          "p90": 2416.7829808446545,
          "p99": 3886.490074913385,
          "p100": 6687.021484375
        }
      },
      "range": {
        "opCount": 302,
        "opErrorCount": 0,
        "opErrorRate": 0,
        "requestsPerSecond": {
          "p0": 0.7012420296669006,
          "p50": 0.7019181847572327,
          "p100": 0.7038227319717407
        },
        "latencyMillis": {
          "p50": 937.6995544433594,
          "p90": 1010.3587341308594,
          "p99": 1031.3447607421874,
          "p100": 1043.256103515625
        }
      },
      "wait-until-merges-finish": {
        "opCount": 5,
        "opErrorCount": 0,
        "opErrorRate": 0,
        "requestsPerSecond": {
          "p0": 0.0033332412131130695,
          "p50": 0.0033440361730754375,
          "p100": 0.010720382444560528
        },
        "latencyMillis": {
          "p50": 299039.5,
          "p90": 300007.96875,
          "p99": 300007.96875,
          "p100": 300007.96875
        }
      },
      "date_histogram_agg": {
        "opCount": 302,
        "opErrorCount": 0,
        "opErrorRate": 0,
        "requestsPerSecond": {
          "p0": 1.4491406679153442,
          "p50": 1.4591220617294312,
          "p100": 1.500188946723938
        },
        "latencyMillis": {
          "p50": 680.2918904622396,
          "p90": 719.3653259277344,
          "p99": 722.4161010742188,
          "p100": 723.322998046875
        }
      },
      "autohisto_agg": {
        "opCount": 302,
        "opErrorCount": 0,
        "opErrorRate": 0,
        "requestsPerSecond": {
          "p0": 1.2990634441375732,
          "p50": 1.3933595418930054,
          "p100": 1.468930959701538
        },
        "latencyMillis": {
          "p50": 669.8860880533854,
          "p90": 689.2015686035156,
          "p99": 694.7615600585937,
          "p100": 717.976318359375
        }
      }
    },
    "cpuStats": {
      "overall": {
        "p50": 95,
        "p90": 96,
        "p99": 96,
        "p100": 96
      }
    },
    "memoryStats": {
      "overall": {
        "p50": 47,
        "p90": 61,
        "p99": 73.86000000000018,
        "p100": 96
      }
    },
    "garbageCollection": {
      "overall": {
        "oldGCTimeMillis": 0,
        "youngGCTimeMillis": 1109978
      }
    },
    "customTelemetryData": {
      "overall": []
    }
  },
  "processMemoryProfilerResults": null,
  "systemUnderTest": {
    "dataNodeCount": 1,
    "masterNodeCount": 0,
    "dataNodeInstanceType": "m6g.xlarge",
    "masterNodeInstanceType": null,
    "elasticsearchDistributionType": "OpenSearch 1.3",
    "clusterIdentity": {
      "clusterName": "test-single-5970-arm64-439",
      "awsAccount": null,
      "endpoint": "172.31.54.158:80",
      "region": "eu-west-1"
    },
    "aes": null
  },
  "workloadConfig": {
    "dataset": "nyc_taxis",
    "warmupIterations": 2,
    "testIterations": 3,
    "loadGenerationHostType": null,
    "loadGenerationHostCount": 0
  },
  "architecture": "arm64",
  "version": "1.3.5"
}