{"testExecutionId": "8aae9a17-c9c7-4eba-aee2-3211fb4cbc07", "testOwner": "opensearch-devops", "testDescription": "", "anomalous": "No", "testResults": {"testStartTime": 1661392723000, "testEndTime": 1661425353890, "testDuration": 32630890, "operationsSummary": {"index": {"opCount": 47107, "opErrorCount": 1, "opErrorRate": 2.122826756108434e-05, "requestsPerSecond": {"p0": 28458.78125, "p50": 29637.762573600023, "p100": 34637.1171875}, "latencyMillis": {"p50": 2576.4459280175506, "p90": 3504.7602377182193, "p99": 6276.132806396484, "p100": 10507.7626953125}}, "query": {"opCount": 1510, "opErrorCount": 0, "opErrorRate": 0.0, "requestsPerSecond": {"p0": 1.7244202375411988, "p50": 1.7390300691127778, "p100": 1.7522798895835876}, "latencyMillis": {"p50": 377.0251158396403, "p90": 395.20035804748534, "p99": 415.6691166992188, "p100": 464.1767852783203}}}, "operations": {"default": {"opCount": 302, "opErrorCount": 0, "opErrorRate": 0.0, "requestsPerSecond": {"p0": 3.0160207748413086, "p50": 3.0242807865142822, "p100": 3.048198938369751}, "latencyMillis": {"p50": 48.25405248006185, "p90": 52.03972282409668, "p99": 52.41148590087891, "p100": 82.51681518554688}}, "distance_amount_agg": {"opCount": 302, "opErrorCount": 0, "opErrorRate": 0.0, "requestsPerSecond": {"p0": 2.0112829208374023, "p50": 2.017718553543091, "p100": 2.035433769226074}, "latencyMillis": {"p50": 45.46616172790527, "p90": 46.27556838989258, "p99": 47.138321228027344, "p100": 47.42295837402344}}, "index": {"opCount": 47107, "opErrorCount": 1, "opErrorRate": 2.122826756108434e-05, "requestsPerSecond": {"p0": 28458.78125, "p50": 29637.762573600023, "p100": 34637.1171875}, "latencyMillis": {"p50": 2576.4459280175506, "p90": 3504.7602377182193, "p99": 6276.132806396484, "p100": 10507.7626953125}}, "range": {"opCount": 302, "opErrorCount": 0, "opErrorRate": 0.0, "requestsPerSecond": {"p0": 0.7007315158843994, "p50": 0.7024793326854706, "p100": 0.7055070996284485}, "latencyMillis": {"p50": 699.4744567871094, "p90": 762.7341003417969, "p99": 832.7340307617188, "p100": 1008.862060546875}}, "wait-until-merges-finish": {"opCount": 5, "opErrorCount": 0, "opErrorRate": 0.0, "requestsPerSecond": {"p0": 0.005076930858194828, "p50": 0.006774258334189653, "p100": 0.007980371825397015}, "latencyMillis": {"p50": 147617.3125, "p90": 196969.078125, "p99": 196969.078125, "p100": 196969.078125}}, "autohisto_agg": {"opCount": 302, "opErrorCount": 0, "opErrorRate": 0.0, "requestsPerSecond": {"p0": 1.393137812614441, "p50": 1.4491539001464844, "p100": 1.4691319465637207}, "latencyMillis": {"p50": 548.9054667154948, "p90": 558.7974853515625, "p99": 578.1830517578126, "p100": 607.2394409179688}}, "date_histogram_agg": {"opCount": 302, "opErrorCount": 0, "opErrorRate": 0.0, "requestsPerSecond": {"p0": 1.5009281635284424, "p50": 1.5015177726745605, "p100": 1.5031276941299438}, "latencyMillis": {"p50": 543.0254414876302, "p90": 556.1549133300781, "p99": 567.8786938476562, "p100": 574.8426513671875}}}, "cpuStats": {"overall": {"p50": 96.0, "p90": 97.0, "p99": 97.0, "p100": 97.0}}, "memoryStats": {"overall": {"p50": 51.0, "p90": 61.53333333333334, "p99": 69.08000000000004, "p100": 85.0}}, "garbageCollection": {"overall": {"oldGCTimeMillis": 0, "youngGCTimeMillis": 1565170}}, "customTelemetryData": {"overall": []}}, "processMemoryProfilerResults": null, "systemUnderTest": {"dataNodeCount": 1, "masterNodeCount": 0, "dataNodeInstanceType": "m5.xlarge", "masterNodeInstanceType": null, "elasticsearchDistributionType": "OpenSearch 1.3", "clusterIdentity": {"clusterName": "test-single-security-5970-x64-438", "awsAccount": null, "endpoint": "172.31.62.231:443", "region": "eu-west-1"}, "aes": null}, "workloadConfig": {"dataset": "nyc_taxis", "warmupIterations": 2, "testIterations": 3, "loadGenerationHostType": null, "loadGenerationHostCount": 0}}