{"testExecutionId": "ca26922d-6907-4296-b12f-f45489377fc6", "testOwner": "opensearch-devops", "testDescription": "", "anomalous": "No", "testResults": {"testStartTime": 1661392723000, "testEndTime": 1661423488129, "testDuration": 30765129, "operationsSummary": {"index": {"opCount": 46874, "opErrorCount": 0, "opErrorRate": 0.0, "requestsPerSecond": {"p0": 30990.4765625, "p50": 32390.780992534485, "p100": 38408.96484375}, "latencyMillis": {"p50": 2365.851681344487, "p90": 3262.3535345568876, "p99": 5951.174472656255, "p100": 10043.310546875}}, "query": {"opCount": 1510, "opErrorCount": 0, "opErrorRate": 0.0, "requestsPerSecond": {"p0": 1.7272753834724426, "p50": 1.7408926129341125, "p100": 1.7556884288787842}, "latencyMillis": {"p50": 382.08782424926756, "p90": 400.3343492889404, "p99": 411.4329516601562, "p100": 435.04219818115234}}}, "operations": {"default": {"opCount": 302, "opErrorCount": 0, "opErrorRate": 0.0, "requestsPerSecond": {"p0": 3.0177276134490967, "p50": 3.028005838394165, "p100": 3.0569770336151123}, "latencyMillis": {"p50": 45.35658645629883, "p90": 47.22192535400391, "p99": 47.66649291992188, "p100": 77.96790313720703}}, "distance_amount_agg": {"opCount": 302, "opErrorCount": 0, "opErrorRate": 0.0, "requestsPerSecond": {"p0": 2.0127580165863037, "p50": 2.019771695137024, "p100": 2.039562940597534}, "latencyMillis": {"p50": 43.99136861165365, "p90": 46.10779228210449, "p99": 46.23936645507813, "p100": 48.27354431152344}}, "index": {"opCount": 46874, "opErrorCount": 0, "opErrorRate": 0.0, "requestsPerSecond": {"p0": 30990.4765625, "p50": 32390.780992534485, "p100": 38408.96484375}, "latencyMillis": {"p50": 2365.851681344487, "p90": 3262.3535345568876, "p99": 5951.174472656255, "p100": 10043.310546875}}, "range": {"opCount": 302, "opErrorCount": 0, "opErrorRate": 0.0, "requestsPerSecond": {"p0": 0.7011783719062805, "p50": 0.7026853561401367, "p100": 0.7054489850997925}, "latencyMillis": {"p50": 728.3666687011719, "p90": 789.8453979492188, "p99": 808.9319702148438, "p100": 859.8557739257812}}, "wait-until-merges-finish": {"opCount": 5, "opErrorCount": 0, "opErrorRate": 0.0, "requestsPerSecond": {"p0": 0.0029489172156900167, "p50": 0.004480759613215923, "p100": 0.007576587609946728}, "latencyMillis": {"p50": 223176.140625, "p90": 339107.1875, "p99": 339107.1875, "p100": 339107.1875}}, "autohisto_agg": {"opCount": 302, "opErrorCount": 0, "opErrorRate": 0.0, "requestsPerSecond": {"p0": 1.4029204845428467, "p50": 1.4512183666229248, "p100": 1.4709503650665283}, "latencyMillis": {"p50": 553.5892740885416, "p90": 567.2430480957032, "p99": 586.7146411132812, "p100": 612.1356201171875}}, "date_histogram_agg": {"opCount": 302, "opErrorCount": 0, "opErrorRate": 0.0, "requestsPerSecond": {"p0": 1.5017924308776855, "p50": 1.5027818083763123, "p100": 1.5055028200149536}, "latencyMillis": {"p50": 539.1352233886719, "p90": 551.2535827636718, "p99": 567.6122875976563, "p100": 576.9781494140625}}}, "cpuStats": {"overall": {"p50": 97.0, "p90": 97.0, "p99": 97.0, "p100": 97.0}}, "memoryStats": {"overall": {"p50": 50.0, "p90": 62.60000000000002, "p99": 81.94999999999993, "p100": 96.0}}, "garbageCollection": {"overall": {"oldGCTimeMillis": 0, "youngGCTimeMillis": 1388912}}, "customTelemetryData": {"overall": []}}, "processMemoryProfilerResults": null, "systemUnderTest": {"dataNodeCount": 1, "masterNodeCount": 0, "dataNodeInstanceType": "m5.xlarge", "masterNodeInstanceType": null, "elasticsearchDistributionType": "OpenSearch 1.3", "clusterIdentity": {"clusterName": "test-single-5970-x64-438", "awsAccount": null, "endpoint": "172.31.58.202:80", "region": "eu-west-1"}, "aes": null}, "workloadConfig": {"dataset": "nyc_taxis", "warmupIterations": 2, "testIterations": 3, "loadGenerationHostType": null, "loadGenerationHostCount": 0}}