{"testExecutionId": "c1d76da5-8826-40a7-a2c5-9c547f4e95c8", "testOwner": "opensearch-devops", "testDescription": "", "anomalous": "No", "testResults": {"testStartTime": 1661333786000, "testEndTime": 1661361725100, "testDuration": 27939100, "operationsSummary": {"index": {"opCount": 46761, "opErrorCount": 0, "opErrorRate": 0.0, "requestsPerSecond": {"p0": 33469.05859375, "p50": 35131.34966840885, "p100": 39910.37109375}, "latencyMillis": {"p50": 2202.86071682825, "p90": 2890.7336117500936, "p99": 5737.989728415749, "p100": 9193.0986328125}}, "query": {"opCount": 1510, "opErrorCount": 0, "opErrorRate": 0.0, "requestsPerSecond": {"p0": 1.7286935329437256, "p50": 1.7406878888607025, "p100": 1.7531824111938477}, "latencyMillis": {"p50": 291.866633605957, "p90": 300.55467933654785, "p99": 308.48176998901374, "p100": 314.35877990722656}}}, "operations": {"default": {"opCount": 302, "opErrorCount": 0, "opErrorRate": 0.0, "requestsPerSecond": {"p0": 3.0158095359802246, "p50": 3.0236968994140625, "p100": 3.04731822013855}, "latencyMillis": {"p50": 46.25926208496094, "p90": 47.32983207702637, "p99": 47.45309555053711, "p100": 48.213172912597656}}, "distance_amount_agg": {"opCount": 302, "opErrorCount": 0, "opErrorRate": 0.0, "requestsPerSecond": {"p0": 2.0114493370056152, "p50": 2.0177900791168213, "p100": 2.0355618000030518}, "latencyMillis": {"p50": 44.162742614746094, "p90": 46.0941780090332, "p99": 46.48615051269532, "p100": 47.133949279785156}}, "index": {"opCount": 46761, "opErrorCount": 0, "opErrorRate": 0.0, "requestsPerSecond": {"p0": 33469.05859375, "p50": 35131.34966840885, "p100": 39910.37109375}, "latencyMillis": {"p50": 2202.86071682825, "p90": 2890.7336117500936, "p99": 5737.989728415749, "p100": 9193.0986328125}}, "range": {"opCount": 302, "opErrorCount": 0, "opErrorRate": 0.0, "requestsPerSecond": {"p0": 0.7005656957626343, "p50": 0.7035812437534332, "p100": 0.7076547145843506}, "latencyMillis": {"p50": 237.6953125, "p90": 240.45250549316407, "p99": 249.31083190917968, "p100": 268.66339111328125}}, "wait-until-merges-finish": {"opCount": 5, "opErrorCount": 0, "opErrorRate": 0.0, "requestsPerSecond": {"p0": 0.008732479996979237, "p50": 0.009181682020425797, "p100": 58.81707000732422}, "latencyMillis": {"p50": 108912.1875, "p90": 114514.6875, "p99": 114514.6875, "p100": 114514.6875}}, "autohisto_agg": {"opCount": 302, "opErrorCount": 0, "opErrorRate": 0.0, "requestsPerSecond": {"p0": 1.4153491258621216, "p50": 1.457258701324463, "p100": 1.471908688545227}, "latencyMillis": {"p50": 572.3826293945312, "p90": 590.6203125, "p99": 605.0163012695314, "p100": 610.5364379882812}}, "date_histogram_agg": {"opCount": 302, "opErrorCount": 0, "opErrorRate": 0.0, "requestsPerSecond": {"p0": 1.5002939701080322, "p50": 1.5011125206947327, "p100": 1.503468632698059}, "latencyMillis": {"p50": 558.8332214355469, "p90": 578.2765686035157, "p99": 594.1424707031251, "p100": 597.2469482421875}}}, "cpuStats": {"overall": {"p50": 97.0, "p90": 97.0, "p99": 97.43, "p100": 98.0}}, "memoryStats": {"overall": {"p50": 52.0, "p90": 65.0, "p99": 84.86000000000001, "p100": 92.0}}, "garbageCollection": {"overall": {"oldGCTimeMillis": 0, "youngGCTimeMillis": 1233543}}, "customTelemetryData": {"overall": []}}, "processMemoryProfilerResults": null, "systemUnderTest": {"dataNodeCount": 1, "masterNodeCount": 0, "dataNodeInstanceType": "m5.xlarge", "masterNodeInstanceType": null, "elasticsearchDistributionType": "OpenSearch 2.2", "clusterIdentity": {"clusterName": "test-single-security-5905-x64-434", "awsAccount": null, "endpoint": "172.31.54.225:443", "region": "eu-west-1"}, "aes": null}, "workloadConfig": {"dataset": "nyc_taxis", "warmupIterations": 2, "testIterations": 3, "loadGenerationHostType": null, "loadGenerationHostCount": 0}}