{
  "testExecutionId": "fc157112-4ef4-4f44-b0ce-385aa000273e",
  "testOwner": "opensearch-devops",
  "testDescription": "",
  "anomalous": "No",
  "testResults": {
    "testStartTime": 1661334432000,
    "testEndTime": 1661356241979,
    "testDuration": 21809979,
    "operationsSummary": {
      "index": {
        "opCount": 45969,
        "opErrorCount": 0,
        "opErrorRate": 0,
        "requestsPerSecond": {
          "p0": 44416.05078125,
          "p50": 46388.28804379017,
          "p100": 50827.70703125
        },
        "latencyMillis": {
          "p50": 1642.546640604823,
          "p90": 2199.012529580637,
          "p99": 4070.5909906575494,
          "p100": 6154.65869140625
        }
      },
      "query": {
        "opCount": 1510,
        "opErrorCount": 0,
        "opErrorRate": 0,
        "requestsPerSecond": {
          "p0": 1.6866910338401795,
          "p50": 1.7098412215709686,
          "p100": 1.753747534751892
        },
        "latencyMillis": {
          "p50": 389.84011726379396,
          "p90": 403.98541358947756,
          "p99": 413.06089556884774,
          "p100": 420.8572608947754
        }
      }
    },
    "operations": {
      "default": {
        "opCount": 302,
        "opErrorCount": 0,
        "opErrorRate": 0,
        "requestsPerSecond": {
          "p0": 3.0192697048187256,
          "p50": 3.0293729305267334,
          "p100": 3.057183027267456
        },
        "latencyMillis": {
          "p50": 49.08865483601888,
          "p90": 52.263618087768556,
          "p99": 53.20189071655274,
          "p100": 58.04450607299805
        }
      },
      "distance_amount_agg": {
        "opCount": 302,
        "opErrorCount": 0,
        "opErrorRate": 0,
        "requestsPerSecond": {
          "p0": 2.0128366947174072,
          "p50": 2.01977801322937,
          "p100": 2.03955340385437
        },
        "latencyMillis": {
          "p50": 48.98763847351074,
          "p90": 49.14204483032227,
          "p99": 49.367350311279296,
          "p100": 59.006996154785156
        }
      },
      "index": {
        "opCount": 45969,
        "opErrorCount": 0,
        "opErrorRate": 0,
        "requestsPerSecond": {
          "p0": 44416.05078125,
          "p50": 46388.28804379017,
          "p100": 50827.70703125
        },
        "latencyMillis": {
          "p50": 1642.546640604823,
          "p90": 2199.012529580637,
          "p99": 4070.5909906575494,
          "p100": 6154.65869140625
        }
      },
      "range": {
        "opCount": 302,
        "opErrorCount": 0,
        "opErrorRate": 0,
        "requestsPerSecond": {
          "p0": 0.7012731432914734,
          "p50": 0.7025795876979828,
          "p100": 0.7063552141189575
        },
        "latencyMillis": {
          "p50": 474.35414123535156,
          "p90": 513.3480590820312,
          "p99": 514.5912768554688,
          "p100": 524.2613525390625
        }
      },
      "wait-until-merges-finish": {
        "opCount": 5,
        "opErrorCount": 0,
        "opErrorRate": 0,
        "requestsPerSecond": {
          "p0": 0.004037667531520128,
          "p50": 189.15414428710938,
          "p100": 245.43882751464844
        },
        "latencyMillis": {
          "p50": 4.942226886749268,
          "p90": 247667.4375,
          "p99": 247667.4375,
          "p100": 247667.4375
        }
      },
      "autohisto_agg": {
        "opCount": 302,
        "opErrorCount": 0,
        "opErrorRate": 0,
        "requestsPerSecond": {
          "p0": 1.2366600036621094,
          "p50": 1.3207541704177856,
          "p100": 1.464532494544983
        },
        "latencyMillis": {
          "p50": 702.4299621582031,
          "p90": 719.6494445800781,
          "p99": 741.33537109375,
          "p100": 746.107177734375
        }
      },
      "date_histogram_agg": {
        "opCount": 302,
        "opErrorCount": 0,
        "opErrorRate": 0,
        "requestsPerSecond": {
          "p0": 1.4634156227111816,
          "p50": 1.4767214059829712,
          "p100": 1.5011135339736938
        },
        "latencyMillis": {
          "p50": 674.3401896158854,
          "p90": 685.5239013671876,
          "p99": 706.8085888671876,
          "p100": 716.8662719726562
        }
      }
    },
    "cpuStats": {
      "overall": {
        "p50": 96,
        "p90": 97,
        "p99": 97,
        "p100": 97
      }
    },
    "memoryStats": {
      "overall": {
        "p50": 49,
        "p90": 64,
        "p99": 87.87,
        "p100": 95
      }
    },
    "garbageCollection": {
      "overall": {
        "oldGCTimeMillis": 0,
        "youngGCTimeMillis": 818639
      }
    },
    "customTelemetryData": {
      "overall": []
    }
  },
  "processMemoryProfilerResults": null,
  "systemUnderTest": {
    "dataNodeCount": 1,
    "masterNodeCount": 0,
    "dataNodeInstanceType": "m6g.xlarge",
    "masterNodeInstanceType": null,
    "elasticsearchDistributionType": "OpenSearch 2.2",
    "clusterIdentity": {
      "clusterName": "test-single-5905-arm64-435",
      "awsAccount": null,
      "endpoint": "172.31.61.190:80",
      "region": "eu-west-1"
    },
    "aes": null
  },
  "workloadConfig": {
    "dataset": "nyc_taxis",
    "warmupIterations": 2,
    "testIterations": 3,
    "loadGenerationHostType": null,
    "loadGenerationHostCount": 0
  },
  "architecture": "arm64",
  "version": "2.2.0"
}